Sample_Name	file	mate	structure	construct_type	celltype	genome
P4_D1_Fw	6629_1_P4_D1_Fw_TAAGGCGA-TAGATCGC_S2_R1_001.fastq.gz	R1	PB	PB	mESC	mm10
P4_D2_Fw	6629_2_P4_D2_Fw_TAAGGCGA-CTCTCTAT_S5_R1_001.fastq.gz	R1	PB	PB	mESC	mm10
P4_D3_Fw	6629_3_P4_D3_Fw_TAAGGCGA-TATCCTCT_S4_R1_001.fastq.gz	R1	PB	PB	mESC	mm10
P5_D1_Fw	6629_4_P5_D1_Fw_TAAGGCGA-AGAGTAGA_S8_R1_001.fastq.gz	R1	PB	PB	mESC	mm10
P5_D2_Fw	6629_5_P5_D2_Fw_TAAGGCGA-GTAAGGAG_S9_R1_001.fastq.gz	R1	PB	PB	mESC	mm10
P5_D3_Fw	6629_6_P5_D3_Fw_TAAGGCGA-ACTGCATA_S7_R1_001.fastq.gz	R1	PB	PB	mESC	mm10
P6_D1_Fw	6629_7_P6_D1_Fw_TAAGGCGA-AAGGAGTA_S12_R1_001.fastq.gz	R1	PB	PB	mESC	mm10
P6_D2_Fw	6629_8_P6_D2_Fw_TAAGGCGA-CTAAGCCT_S13_R1_001.fastq.gz	R1	PB	PB	mESC	mm10
P6_D3_Fw	6629_9_P6_D3_Fw_CGTACTAG-TAGATCGC_S14_R1_001.fastq.gz	R1	PB	PB	mESC	mm10
P4_UD1_Fw	6629_10_P4_UD1_Fw_CGTACTAG-CTCTCTAT_S11_R1_001.fastq.gz	R1	PB	PB	mESC	mm10
P4_UD2_Fw	6629_11_P4_UD2_Fw_CGTACTAG-TATCCTCT_S17_R1_001.fastq.gz	R1	PB	PB	mESC	mm10
P4_UD3_Fw	6629_12_P4_UD3_Fw_CGTACTAG-AGAGTAGA_S18_R1_001.fastq.gz	R1	PB	PB	mESC	mm10
P4_UD4_Fw	6629_13_P4_UD4_Fw_CGTACTAG-GTAAGGAG_S19_R1_001.fastq.gz	R1	PB	PB	mESC	mm10
P4_UD5_Fw	6629_14_P4_UD5_Fw_CGTACTAG-ACTGCATA_S20_R1_001.fastq.gz	R1	PB	PB	mESC	mm10
P4_UD6_Fw	6629_15_P4_UD6_Fw_CGTACTAG-AAGGAGTA_S16_R1_001.fastq.gz	R1	PB	PB	mESC	mm10
P5_UD1_Fw	6629_16_P5_UD1_Fw_CGTACTAG-CTAAGCCT_S23_R1_001.fastq.gz	R1	PB	PB	mESC	mm10
P5_UD2_Fw	6629_17_P5_UD2_Fw_AGGCAGAA-TAGATCGC_S24_R1_001.fastq.gz	R1	PB	PB	mESC	mm10
P5_UD3_Fw	6629_18_P5_UD3_Fw_AGGCAGAA-CTCTCTAT_S25_R1_001.fastq.gz	R1	PB	PB	mESC	mm10
P5_UD4_Fw	6629_19_P5_UD4_Fw_AGGCAGAA-TATCCTCT_S26_R1_001.fastq.gz	R1	PB	PB	mESC	mm10
P5_UD5_Fw	6629_20_P5_UD5_Fw_AGGCAGAA-AGAGTAGA_S27_R1_001.fastq.gz	R1	PB	PB	mESC	mm10
P5_UD6_Fw	6629_21_P5_UD6_Fw_AGGCAGAA-GTAAGGAG_S22_R1_001.fastq.gz	R1	PB	PB	mESC	mm10
P6_UD1_Fw	6629_22_P6_UD1_Fw_AGGCAGAA-ACTGCATA_S33_R1_001.fastq.gz	R1	PB	PB	mESC	mm10
P6_UD2_Fw	6629_23_P6_UD2_Fw_AGGCAGAA-AAGGAGTA_S34_R1_001.fastq.gz	R1	PB	PB	mESC	mm10
P6_UD3_Fw	6629_24_P6_UD3_Fw_AGGCAGAA-CTAAGCCT_S32_R1_001.fastq.gz	R1	PB	PB	mESC	mm10
P6_UD4_Fw	6629_25_P6_UD4_Fw_TCCTGAGC-TAGATCGC_S30_R1_001.fastq.gz	R1	PB	PB	mESC	mm10
P6_UD5_Fw	6629_26_P6_UD5_Fw_TCCTGAGC-CTCTCTAT_S31_R1_001.fastq.gz	R1	PB	PB	mESC	mm10
P6_UD6_Fw	6629_27_P6_UD6_Fw_TCCTGAGC-TATCCTCT_S29_R1_001.fastq.gz	R1	PB	PB	mESC	mm10
P4_D1_Rv	6629_28_P4_D1_Rv_GGACTCCT-CGTCTAAT_S1_R1_001.fastq.gz	R1	PB	PB	mESC	mm10
P4_D2_Rv	6629_29_P4_D2_Rv_GGACTCCT-TCTCTCCG_S3_R1_001.fastq.gz	R1	PB	PB	mESC	mm10
P4_D3_Rv	6629_30_P4_D3_Rv_GGACTCCT-TCGACTAG_S6_R1_001.fastq.gz	R1	PB	PB	mESC	mm10
P5_D1_Rv	6629_31_P5_D1_Rv_GGACTCCT-TTCTAGCT_S37_R1_001.fastq.gz	R1	PB	PB	mESC	mm10
P5_D2_Rv	6629_32_P5_D2_Rv_GGACTCCT-CCTAGAGT_S10_R1_001.fastq.gz	R1	PB	PB	mESC	mm10
P5_D3_Rv	6629_33_P5_D3_Rv_GGACTCCT-GCGTAAGA_S38_R1_001.fastq.gz	R1	PB	PB	mESC	mm10
P6_D1_Rv	6629_34_P6_D1_Rv_GGACTCCT-CTATTAAG_S36_R1_001.fastq.gz	R1	PB	PB	mESC	mm10
P6_D2_Rv	6629_35_P6_D2_Rv_GGACTCCT-AAGGCTAT_S15_R1_001.fastq.gz	R1	PB	PB	mESC	mm10
P6_D3_Rv	6629_36_P6_D3_Rv_CTCTCTAC-CGTCTAAT_S42_R1_001.fastq.gz	R1	PB	PB	mESC	mm10
P4_UD1_Rv	6629_37_P4_UD1_Rv_CTCTCTAC-TCTCTCCG_S41_R1_001.fastq.gz	R1	PB	PB	mESC	mm10
P4_UD2_Rv	6629_38_P4_UD2_Rv_CTCTCTAC-TCGACTAG_S21_R1_001.fastq.gz	R1	PB	PB	mESC	mm10
P4_UD3_Rv	6629_39_P4_UD3_Rv_CTCTCTAC-TTCTAGCT_S40_R1_001.fastq.gz	R1	PB	PB	mESC	mm10
P4_UD4_Rv	6629_40_P4_UD4_Rv_CTCTCTAC-CCTAGAGT_S46_R1_001.fastq.gz	R1	PB	PB	mESC	mm10
P4_UD5_Rv	6629_41_P4_UD5_Rv_CTCTCTAC-GCGTAAGA_S28_R1_001.fastq.gz	R1	PB	PB	mESC	mm10
P4_UD6_Rv	6629_42_P4_UD6_Rv_CTCTCTAC-CTATTAAG_S45_R1_001.fastq.gz	R1	PB	PB	mESC	mm10
P5_UD1_Rv	6629_43_P5_UD1_Rv_CTCTCTAC-AAGGCTAT_S44_R1_001.fastq.gz	R1	PB	PB	mESC	mm10
P5_UD2_Rv	6629_44_P5_UD2_Rv_CAGAGAGG-CGTCTAAT_S47_R1_001.fastq.gz	R1	PB	PB	mESC	mm10
P5_UD3_Rv	6629_45_P5_UD3_Rv_CAGAGAGG-TCTCTCCG_S35_R1_001.fastq.gz	R1	PB	PB	mESC	mm10
P5_UD4_Rv	6629_46_P5_UD4_Rv_CAGAGAGG-TCGACTAG_S48_R1_001.fastq.gz	R1	PB	PB	mESC	mm10
P5_UD5_Rv	6629_47_P5_UD5_Rv_CAGAGAGG-TTCTAGCT_S39_R1_001.fastq.gz	R1	PB	PB	mESC	mm10
P5_UD6_Rv	6629_48_P5_UD6_Rv_CAGAGAGG-CCTAGAGT_S49_R1_001.fastq.gz	R1	PB	PB	mESC	mm10
P6_UD1_Rv	6629_49_P6_UD1_Rv_CAGAGAGG-GCGTAAGA_S43_R1_001.fastq.gz	R1	PB	PB	mESC	mm10
P6_UD2_Rv	6629_50_P6_UD2_Rv_CAGAGAGG-CTATTAAG_S50_R1_001.fastq.gz	R1	PB	PB	mESC	mm10
P6_UD3_Rv	6629_51_P6_UD3_Rv_CAGAGAGG-AAGGCTAT_S51_R1_001.fastq.gz	R1	PB	PB	mESC	mm10
P6_UD4_Rv	6629_52_P6_UD4_Rv_GCTACGCT-CGTCTAAT_S52_R1_001.fastq.gz	R1	PB	PB	mESC	mm10
P6_UD5_Rv	6629_53_P6_UD5_Rv_GCTACGCT-TCTCTCCG_S53_R1_001.fastq.gz	R1	PB	PB	mESC	mm10
P6_UD6_Rv	6629_54_P6_UD6_Rv_GCTACGCT-TCGACTAG_S54_R1_001.fastq.gz	R1	PB	PB	mESC	mm10
P4_D1_Fw	6629_1_P4_D1_Fw_TAAGGCGA-TAGATCGC_S2_R2_001.fastq.gz	R2	PB	PB	mESC	mm10
P4_D2_Fw	6629_2_P4_D2_Fw_TAAGGCGA-CTCTCTAT_S5_R2_001.fastq.gz	R2	PB	PB	mESC	mm10
P4_D3_Fw	6629_3_P4_D3_Fw_TAAGGCGA-TATCCTCT_S4_R2_001.fastq.gz	R2	PB	PB	mESC	mm10
P5_D1_Fw	6629_4_P5_D1_Fw_TAAGGCGA-AGAGTAGA_S8_R2_001.fastq.gz	R2	PB	PB	mESC	mm10
P5_D2_Fw	6629_5_P5_D2_Fw_TAAGGCGA-GTAAGGAG_S9_R2_001.fastq.gz	R2	PB	PB	mESC	mm10
P5_D3_Fw	6629_6_P5_D3_Fw_TAAGGCGA-ACTGCATA_S7_R2_001.fastq.gz	R2	PB	PB	mESC	mm10
P6_D1_Fw	6629_7_P6_D1_Fw_TAAGGCGA-AAGGAGTA_S12_R2_001.fastq.gz	R2	PB	PB	mESC	mm10
P6_D2_Fw	6629_8_P6_D2_Fw_TAAGGCGA-CTAAGCCT_S13_R2_001.fastq.gz	R2	PB	PB	mESC	mm10
P6_D3_Fw	6629_9_P6_D3_Fw_CGTACTAG-TAGATCGC_S14_R2_001.fastq.gz	R2	PB	PB	mESC	mm10
P4_UD1_Fw	6629_10_P4_UD1_Fw_CGTACTAG-CTCTCTAT_S11_R2_001.fastq.gz	R2	PB	PB	mESC	mm10
P4_UD2_Fw	6629_11_P4_UD2_Fw_CGTACTAG-TATCCTCT_S17_R2_001.fastq.gz	R2	PB	PB	mESC	mm10
P4_UD3_Fw	6629_12_P4_UD3_Fw_CGTACTAG-AGAGTAGA_S18_R2_001.fastq.gz	R2	PB	PB	mESC	mm10
P4_UD4_Fw	6629_13_P4_UD4_Fw_CGTACTAG-GTAAGGAG_S19_R2_001.fastq.gz	R2	PB	PB	mESC	mm10
P4_UD5_Fw	6629_14_P4_UD5_Fw_CGTACTAG-ACTGCATA_S20_R2_001.fastq.gz	R2	PB	PB	mESC	mm10
P4_UD6_Fw	6629_15_P4_UD6_Fw_CGTACTAG-AAGGAGTA_S16_R2_001.fastq.gz	R2	PB	PB	mESC	mm10
P5_UD1_Fw	6629_16_P5_UD1_Fw_CGTACTAG-CTAAGCCT_S23_R2_001.fastq.gz	R2	PB	PB	mESC	mm10
P5_UD2_Fw	6629_17_P5_UD2_Fw_AGGCAGAA-TAGATCGC_S24_R2_001.fastq.gz	R2	PB	PB	mESC	mm10
P5_UD3_Fw	6629_18_P5_UD3_Fw_AGGCAGAA-CTCTCTAT_S25_R2_001.fastq.gz	R2	PB	PB	mESC	mm10
P5_UD4_Fw	6629_19_P5_UD4_Fw_AGGCAGAA-TATCCTCT_S26_R2_001.fastq.gz	R2	PB	PB	mESC	mm10
P5_UD5_Fw	6629_20_P5_UD5_Fw_AGGCAGAA-AGAGTAGA_S27_R2_001.fastq.gz	R2	PB	PB	mESC	mm10
P5_UD6_Fw	6629_21_P5_UD6_Fw_AGGCAGAA-GTAAGGAG_S22_R2_001.fastq.gz	R2	PB	PB	mESC	mm10
P6_UD1_Fw	6629_22_P6_UD1_Fw_AGGCAGAA-ACTGCATA_S33_R2_001.fastq.gz	R2	PB	PB	mESC	mm10
P6_UD2_Fw	6629_23_P6_UD2_Fw_AGGCAGAA-AAGGAGTA_S34_R2_001.fastq.gz	R2	PB	PB	mESC	mm10
P6_UD3_Fw	6629_24_P6_UD3_Fw_AGGCAGAA-CTAAGCCT_S32_R2_001.fastq.gz	R2	PB	PB	mESC	mm10
P6_UD4_Fw	6629_25_P6_UD4_Fw_TCCTGAGC-TAGATCGC_S30_R2_001.fastq.gz	R2	PB	PB	mESC	mm10
P6_UD5_Fw	6629_26_P6_UD5_Fw_TCCTGAGC-CTCTCTAT_S31_R2_001.fastq.gz	R2	PB	PB	mESC	mm10
P6_UD6_Fw	6629_27_P6_UD6_Fw_TCCTGAGC-TATCCTCT_S29_R2_001.fastq.gz	R2	PB	PB	mESC	mm10
P4_D1_Rv	6629_28_P4_D1_Rv_GGACTCCT-CGTCTAAT_S1_R2_001.fastq.gz	R2	PB	PB	mESC	mm10
P4_D2_Rv	6629_29_P4_D2_Rv_GGACTCCT-TCTCTCCG_S3_R2_001.fastq.gz	R2	PB	PB	mESC	mm10
P4_D3_Rv	6629_30_P4_D3_Rv_GGACTCCT-TCGACTAG_S6_R2_001.fastq.gz	R2	PB	PB	mESC	mm10
P5_D1_Rv	6629_31_P5_D1_Rv_GGACTCCT-TTCTAGCT_S37_R2_001.fastq.gz	R2	PB	PB	mESC	mm10
P5_D2_Rv	6629_32_P5_D2_Rv_GGACTCCT-CCTAGAGT_S10_R2_001.fastq.gz	R2	PB	PB	mESC	mm10
P5_D3_Rv	6629_33_P5_D3_Rv_GGACTCCT-GCGTAAGA_S38_R2_001.fastq.gz	R2	PB	PB	mESC	mm10
P6_D1_Rv	6629_34_P6_D1_Rv_GGACTCCT-CTATTAAG_S36_R2_001.fastq.gz	R2	PB	PB	mESC	mm10
P6_D2_Rv	6629_35_P6_D2_Rv_GGACTCCT-AAGGCTAT_S15_R2_001.fastq.gz	R2	PB	PB	mESC	mm10
P6_D3_Rv	6629_36_P6_D3_Rv_CTCTCTAC-CGTCTAAT_S42_R2_001.fastq.gz	R2	PB	PB	mESC	mm10
P4_UD1_Rv	6629_37_P4_UD1_Rv_CTCTCTAC-TCTCTCCG_S41_R2_001.fastq.gz	R2	PB	PB	mESC	mm10
P4_UD2_Rv	6629_38_P4_UD2_Rv_CTCTCTAC-TCGACTAG_S21_R2_001.fastq.gz	R2	PB	PB	mESC	mm10
P4_UD3_Rv	6629_39_P4_UD3_Rv_CTCTCTAC-TTCTAGCT_S40_R2_001.fastq.gz	R2	PB	PB	mESC	mm10
P4_UD4_Rv	6629_40_P4_UD4_Rv_CTCTCTAC-CCTAGAGT_S46_R2_001.fastq.gz	R2	PB	PB	mESC	mm10
P4_UD5_Rv	6629_41_P4_UD5_Rv_CTCTCTAC-GCGTAAGA_S28_R2_001.fastq.gz	R2	PB	PB	mESC	mm10
P4_UD6_Rv	6629_42_P4_UD6_Rv_CTCTCTAC-CTATTAAG_S45_R2_001.fastq.gz	R2	PB	PB	mESC	mm10
P5_UD1_Rv	6629_43_P5_UD1_Rv_CTCTCTAC-AAGGCTAT_S44_R2_001.fastq.gz	R2	PB	PB	mESC	mm10
P5_UD2_Rv	6629_44_P5_UD2_Rv_CAGAGAGG-CGTCTAAT_S47_R2_001.fastq.gz	R2	PB	PB	mESC	mm10
P5_UD3_Rv	6629_45_P5_UD3_Rv_CAGAGAGG-TCTCTCCG_S35_R2_001.fastq.gz	R2	PB	PB	mESC	mm10
P5_UD4_Rv	6629_46_P5_UD4_Rv_CAGAGAGG-TCGACTAG_S48_R2_001.fastq.gz	R2	PB	PB	mESC	mm10
P5_UD5_Rv	6629_47_P5_UD5_Rv_CAGAGAGG-TTCTAGCT_S39_R2_001.fastq.gz	R2	PB	PB	mESC	mm10
P5_UD6_Rv	6629_48_P5_UD6_Rv_CAGAGAGG-CCTAGAGT_S49_R2_001.fastq.gz	R2	PB	PB	mESC	mm10
P6_UD1_Rv	6629_49_P6_UD1_Rv_CAGAGAGG-GCGTAAGA_S43_R2_001.fastq.gz	R2	PB	PB	mESC	mm10
P6_UD2_Rv	6629_50_P6_UD2_Rv_CAGAGAGG-CTATTAAG_S50_R2_001.fastq.gz	R2	PB	PB	mESC	mm10
P6_UD3_Rv	6629_51_P6_UD3_Rv_CAGAGAGG-AAGGCTAT_S51_R2_001.fastq.gz	R2	PB	PB	mESC	mm10
P6_UD4_Rv	6629_52_P6_UD4_Rv_GCTACGCT-CGTCTAAT_S52_R2_001.fastq.gz	R2	PB	PB	mESC	mm10
P6_UD5_Rv	6629_53_P6_UD5_Rv_GCTACGCT-TCTCTCCG_S53_R2_001.fastq.gz	R2	PB	PB	mESC	mm10
P6_UD6_Rv	6629_54_P6_UD6_Rv_GCTACGCT-TCGACTAG_S54_R2_001.fastq.gz	R2	PB	PB	mESC	mm10
